﻿<?xml version="1.0" encoding="utf-8" ?> 
<Advertisements>
  <Ad>
    <ImageUrl>~\Images\BeanBoy.png</ImageUrl>
    <NavigateUrl>https://my.centennialcollege.ca/cp/home/displaylogin</NavigateUrl>
    <TargetUrl>_blank</TargetUrl>
    <AlternateText>BeanBoy</AlternateText>
    <Keyword>Education Sites</Keyword>
    <Impressions>1</Impressions>
  </Ad>
  <Ad>
    <ImageUrl>~\Images\FashionPunk.jpg</ImageUrl>
    <NavigateUrl>https://my.centennialcollege.ca/cp/home/displaylogin</NavigateUrl>
    <TargetUrl>_blank</TargetUrl>
    <AlternateText>Our School!</AlternateText>
    <Keyword>FashionPunk</Keyword>
    <Impressions>2</Impressions>
  </Ad>
</Advertisements>